id,label,tweet
1,1,"Transisi psbb diperpanjang 14 hari, jadi bahagia bangeta. ğŸ™‚ğŸ™‚ğŸ™‚ @setiawan"
2,1,Ya Allah overthinking malam ini adalah aku ingin punya mobil sendiri sambil sing a long jalan jalan menikmati indahnya psbb
3,1,Bagussss lanjutkan PSBB ala2 sampai warga mau dgm sukarela menerima implan RFID ..  https://twitter.com/SINDOnews/status/1278360598468718593Â â€¦
4,1,Semua Ada Waktunyaâ¤ï¸ #PSBB #dirumah #butuhliburan #sumenep #COVID19 pic.twitter.com/SyW2WQXazX
5,1,"PSBB Jakarta diperpanjang. Kayak ngaruh kayaknya, bedanya cuma orang pake masker dan gak pake masker."
6,1,"Terharu juga, semenjak kemaren psbb jd bisa ngupas bawang. Dulu setiap ngupas pasti digeprek biar kulitnya ilang sendiri. Pas SMA liat temen ngupas bawang gue cuma mikir ""ih itu kecil gmn ngupasnya"" terus skrg bisa..:"")"
7,1,Dirumah lagi psbb soalnya
8,1,"jangan lupa ngondang ye, nanti aja abis psbb"
9,1,"Meski Naik Jadi 0,18 Persen, Inflasi Juni Masih Rendah"
10,1,Jangan new normal dulu lah.. Dulu aja kasus kecil.. Psbb ketat.. Ini kasus melonjak malah mau new normal
11,1,"Apa kabar korona

Sudah saatnya kita berganti peran
Biar kami yang bekerja, kamu istirahat saja

- Salam hangat dari manusia

#Corona #Indonesia #haijuli #WelcomeJuly Juli July #PSBB #IndonesiaSehat"
12,1,Penyebaran virus corona membuat pemerintah indonesia membuat peraturan bernama PSBB. PSBB adalah Pembatasan Sosial Berskala Besar yang dianggap mampu mempercepat penanggulangan sekaligus mencegah penyebaran coronaâ€¦  https://www.instagram.com/p/CCD3dyLFFSY/?igshid=tyr8ka1opr8yÂ â€¦
13,1,"Jaman2 waktu pda WFH sm pas PSBB kemaren jujur adem ayem banget di jalan, asri gitu liat jalanan, pohon2 kya pada senyum ga kena polusi, langit indah, sejuk, kya enak aja pokonya wkwk"
14,1,"Hey anak muda indonesia, tolong tetap dijaga psbb nya"
15,1,"Data memperlihatkan keberhasilan PSBB atau apapun itu untuk menahan laju kasus,skrg malah di longgarkan demi herd immunity?"
16,1,"Besok 100 hari PSBB, memasuki new normal, Indonesia sudah mencapai 55K kasus. Kedisiplinan nasional harus terus kita tegakkan, ketegasan pemerintah harus kita bantu. Kita doakan mereka yang berjuang di garis terdepan juga yg telah gugur krn wabah ini. #Corona #NewNormal pic.twitter.com/rbf5ztjcRw"
17,1,Kapan PSBB lagi nih Indonesia?
18,1,"Ini corona makin banyakkk di indonesia perhari rata2 1000. Tp indonesia malah new normal, ga mau psbb lagi? #COVID19"
19,1,"Seneng liat penjelasan PaGub DKI barusan soal PSBB Transisi. Sebagai warga jadi terinformasi.

Tapi ya publikasi di TV Nasionalnya itu yang jadi mikir lagi2 urusan Indonesia itu bukan cuman urusan di Jakarta aja.

Terus?

Media banyak2 beritain sikon di luar DKI dong.."
20,1,"PSBB Transisi di DKI Jakarta. 
.

#jakarta #covid19 #coronavirus #psbb @aniesbaswedan @pks_jaktim @PKSejahtera @media_jaya @ Jakarta, Indonesia  https://www.instagram.com/p/CBAWYqWnpdv/?igshid=1nsb5x4zb17noÂ â€¦"
21,1,"tp PSBB Transisi nya jangan dilonggarkan dulu pada akhir bulan Juni ini Pak Gubernur @aniesbaswedan...

banyaknya Klaster2 baru di Pasar Tradisional di Jakarta, menunjukkan bahwa wabah itu masih terus mengintai kita..ğŸ˜
@BNPB_Indonesia
@KemenkesRI
@drpriono https://twitter.com/mediaindonesia/status/1276340739534761984Â â€¦"
22,1,Setuju mas. Saya setuju banget lockdown sulit diterapkan. Makanya sy sgt mendukung social distancing atau diadaptasi ke Indonesia jd PSBB. Social distancing dgn kearifan lokal yg msh longgar2. Jangan malah ngebuzzer masker lbh efektif dong. Jelas2 salah logikanya.
23,1,"PSBB (indonesia)-> lumayan patuh, walaupun masih ada(banyak) yg bandel

New Normal (inggris)-> ga ikut protokol, hidup sebebas2nya

Inilah manfaat kenapa penggunaan bahasa dalam kampanye(kesehatan, sosial, iklan, dll) sangatlah penting saudara2"
24,1,Kira kira psbb bakalan diperketat lg gak ya? Trs potongan tkd diperpanjang lg deh ngeliat ketololan manusia Indonesia begini
25,1,"Waduh, 
kalau begitu, PSBB jangan dilonggarkan menjadi New Normal Pak Presiden @jokowi , Menteri @KemenkesRI , Ketua Gugus Tugas Penanganan Covid-19 @BNPB_Indonesia , Gubernur @aniesbaswedan dan Gubernur @KhofifahIP ...
@ridwankamil
@ganjarpranowo
@drpriono"
26,1,"Selamat Indonesia akhirnya bisa Juara 1 se Asia Tenggara ğŸ‘ğŸ»
Alhamdulillah tidak sia-sia ya menerapkan PSBB dan physical distancing selama 3 bulan  https://twitter.com/nuicemedia/status/1273173590779801600Â â€¦"
27,1,"Apabila PSBB memberikan dampak lebih baik untuk ibukota,  ya sepertinya tidak masalah jika diperpanjang. Lagipula lambat laun warga indonesia terbiasa dg PSBB dan PHBS."
28,1,"Enaknya :(
Sini psbb lagi ğŸ˜­"
29,1,"Masa transisi PSBB menuju tatanan kehidupan baru menuju New Normal pelan-pelan diterapkan sebagai bagian dari upaya dalam menyadarkan masyarakat Indonesia, bahwa roda sosial dan ekonomi harus tetap berjalan di tengahâ€¦  https://www.instagram.com/p/CBZ1_SWJQYt/?igshid=tlu0c28u9tipÂ â€¦"
30,1,PSBB DKI diperpanjang aja Pak @aniesbaswedan @jokowi @BNPB_Indonesia pleease.. Meanwhile kapasitas test-trace-isolate jg ditingkatkan.. ğŸ™ğŸ¼ğŸ™ğŸ¼
31,1,"surabaya bebas covid
psbb berhasil
angka menurun

ğŸ¤£ğŸ˜€

walikota sering turun jalan lho
patut di contoh wuhan indonesia"
32,1,Yang sukses di Indonesia cuma psbb bu cantik ya  pic.twitter.com/p6z1ZOETr7
33,1,"Puji Tuhan, perbandingan Indonesia, luar Jakarta dan DKI, DKI mulai melandai dan menurun, semoga cepat berlalu, transisi ini bukan berarti bebas tapi tetap ada psbb dengan standar protokol, semua ada kesadaran masyarakat menjaga dan melindungi"
34,1,"#PSBB di Indonesia selain harus diperpanjang, juga harus diperkeras. Karena percuma aja PANJANG kalau tidak KERAS!
Pun harus diper-KETAT, karena yang LONGGAR sudah kurang diminati, apalagi dicintami."
35,1,"Masih PSBB, masih pandemi, tetap berolahraga. 

Tetap sehatkan aktifitasmu, guys! @ Jakarta, Indonesia  https://www.instagram.com/p/CBc3ABjpqtu/?igshid=1xrno9y84yd8uÂ â€¦"
36,1,PSBB yang dilakukan oleh kabupaten/kota di indonesia kesanya berjalan sendiri2 ....
37,1,"Ya justru itu jangan main new normal dll dulu bos, udah tau di sini pada ga tertib. PSBB full aja begitu, apalagi wacana adaptasi bla bla bla segala. Kurva aja belom turun , tes belom maks ğŸ¤¦ğŸ»â€â™‚ï¸ @KemenkesRI @BNPB_Indonesia @aw3126 https://twitter.com/jokowi/status/1271985711772839937Â â€¦"
38,1,"Bos.. Seharusnya psbb ini dlakukan diseluruh wilayah indonesia.. Biar lbih terkendali.. Msa gni  wilayah a psbb trus wilayah b, c g... Wilayah b psbb wilayah a,c g... Ya kagak kelar 2 goblok"
39,1,"Jabar segitu lanjut psbb?

Jatim doooong.."
40,1,"PSBB selama masa pandemi di Indonesia, berdampak langsung terhadap produksi sampah. Di Jakarta, volume sampah yang diangkut ke TPST Bantar Gebang terus menurun setiap bulannya.

#CNNIDAfter10
 http://cnnindonesia.com/tvÂ  pic.twitter.com/OK9x1S4Ac9"
41,1,"ya iya bang PSBB tujuannya untuk mengontrol dan MENURUNKAN KURVA, itu goals PSBB dan Karantina Wilayah."
42,1,"Menurut saya sih Indonesia belum seharusnya kelar PSBB. Beberapa hari new normal aja, kenaikan kasus COVID-19 meningkat drastis, bahkan sampai pecahin rekor domestiknya."
43,1,"Memang idealnya PSBB tidak dilonggarkan, tp jika memang harus, sepertinya pemerintah harus sedikit represif dlm mengatur masyarakat utk memastikan protokol kesehatan benar"" dipatuhi. Di negara kita, membangun kesadaran sj belum cukup. Harus ada punishment agar orang lebih aware."
44,1,"PSBB di kota saya terasa abal-abal, kalau mau lapor kemana ya?
Begini, PSBB dilakukan, tapi semua tetap seperti biasa, jalan masih macet, tempat yang harusnya tutup masih boleh buka, sholat di masjid yang berada di zona merah tidak dilarang."
45,1,"Iyah Atuh, Kalau Nggak Diperketat, Apa Jadinya?

Seruan Ikatan Dokter Indonesia: Jika Gelombang Kedua Covid-19 Menggila, Harus Berani PSBB Ketat, Bukan PSBB Longgar!  https://pojoksatu.id/news/berita-nasional/2020/06/10/seruan-ikatan-dokter-indonesia-jika-gelombang-kedua-covid-19-menggila-harus-berani-psbb-ketat-bukan-psbb-longgar/Â â€¦ @PojokSatu"
46,1,"Selama PSBB, Minat Anak Indonesia Bermain Gim Komputer Menurun  https://tekno.harianjogja.com/read/2020/06/10/503/1041442/selama-psbb-minat-anak-indonesia-bermain-gim-komputer-menurun?utm_source=dlvr.it&utm_medium=twitterÂ â€¦ pic.twitter.com/LgNwcnPoZV"
47,1,"Adanya pelonggaran PSBB dan mudik diyakini menjadi faktor penyebab lonjakan kasus covid-19 di Indonesia.

#Validnews #PSBB
 https://www.validnews.id/Pelonggaran-PSBB-Bisa-Buat-Covid-19-Berakhir-Akhir-Tahun-aVpÂ â€¦"
48,1,"Kata ahli kesehatan kelas dunia namanya Mahfud, gak ada jaminan lockdown2 itu, itu buktinya yg teriak2 lockfown dah pada diam. PSBB yg paling tepat dan dunia bisa belajar dgn sistem PSBB ala pemerintah Indonesia.
 https://www.beritasatu.com/dunia/643327-studi-lockdown-selamatkan-nyawa-puluhan-juta-orangÂ â€¦"
49,1,"Semoga dlm PSBB transisi yg tetap menjalankan protokol kesehatan, masuk Juli indonesia akan pulih. Amin.. 
#IndonesiaPulih
#JakartaTanggapCorona https://twitter.com/_garuda501/status/1270530531952701440Â â€¦"
50,1,"Kepada masyarakat indonesia.. Tolong patuhi segala aturan terkait psbb. Aturan APD, hand hygiene, dan physical distancing."
51,1,"Cuma di Indonesia yg membaik. Pemerintah telah berhasil menekan laju pertambahan kasus dgn PSBB, penularan & persebaran corona terkendali, kurva sdh melandai, insentif dokter perawat dibayar tepat waktu, sekarang kita bersiap menuju tatanan new normal.

Sudah mirip buzzeRp belum?  https://twitter.com/CNNIndonesia/status/1270109681256562688Â â€¦"
52,1,psbb diperpanjang sampai semua anak muda di indonesia menemukan jati dirinya
53,1,"Ini baru presidenku, mana presiden kalian. Karantina-lanjut wilayah-PSBB-test massive-new normal-sekarang GPS. Yap, pasien positif corona bisa dilacak pake gps (tanem chip mungkin). Mantep teknologi indonesia. Proud of you pakde @jokowi , ati2 gugatan eh. https://twitter.com/CNNIndonesia/status/1268396306575192064Â â€¦"
54,1,aman ada psbb 
55,1,enak dong psbb
56,1,mari terus dukung tenaga medis dengan patuh psbb dan protokol kesehatan 
57,1,namanya juga usaha kan saya sudah komitmen psbb bantu umkm
58,1,psbb harus jaga jarak 
59,1,sebaiknya perpanjang dan perketat psbb sebulan depan  
60,1,sosial distancing ala karyawan psbb diperpanjang anggaran cair 
61,1,psbb gini klo jualan baju laku kan orang-orang pada rumah ya
62,1,psbb sudah berlaku yay
63,1,menaati psbb menjauhi kerumunan dan tidak terpengaruh ajakan medsos berkumpul jalan adalah suatu counter culture bulan oktober 2020
64,1,giat pengawasan psbb kelurahan cengkareng barat bersama satpol dan tiga pilar
65,1,sanksi sosial bagi pelanggar psbb 
66,1,sabar lagi psbb
67,1,sama nih dirumah aja selama psbb
68,1,untung jogja psbb  
69,1,jangan mengundang keramaian psbb say gak boleh
70,1,anggota dpr positif covid anies minta patuhi aturan psbb 
71,1,gaboleh rame-rame dulu mod kan psbb
72,1,please perpanjang psbb 
73,1,kabupaten serang psbb tiap desa dinilai lebih efektif cegah covid 
74,1,kamar full wifi kenceng netflix kurang apalgi coba makin betah psbb 
75,1,waktu psbb gue masih sekolah sih soalnya kan lanjut dan tau itu hari terakhir jadi ngobrol banyak sama guruku
76,1,iya entar beres demo perpanjang lagi psbb  sip 
77,1,berlakukan pembatasan walikota bukan psbb tapi diperketat 
78,1,psbb dulu mas  entar kalo udah kelar kita jalan
79,1,psbb diperpanjang gak ya  gue berdoanya iya
80,1,demonya bisa online aja corona njir aku mau psbb dilanjut sampai tahun depan 
81,1,berjuang untuk hidup juga bapak negara juga buka psbb karena ekonomi gak memandang lonjakan kasus positif covid
82,1,baru ngeh kota psbb gak kerasa apa-apa anjir
83,1,jangan lupa untuk selalu psbb kawan yang mengikuti demo
84,1,udah coba lihat swedia sekarang disana banyak pake masker dan pake psbb lockdown segala tapi aneh korban jiwa disana malah turun drastis
85,1,patuh psbb jadinya carrier full semua 
86,1,kan jakarta psbb ngapain sih khawatir kena virus jateng kasusnya banyak
87,1,ya dong disini libur lagi psbb 
88,1,tesla kakak  saya karyawan swasta sejak awal pandemi belum merasakan apa itu wfh psbb new normal selalu bersyukur minimal gaji tidak dikurangi rahayu 
89,1,awal psbb ya okelah stay dirumah gak ada masalah
90,1,aku satu line sama psbb line 
91,1,udah fix psbb lagi malah bisa bisa sampe lockdown lagi
92,1,kangen zaman psbb kemaren sekeluarga ngumpul rumah
93,1,sama nih dirumah aja selama psbb
94,1,yaudah kamu aja nanggap kamu nyanyi kamu nyawer aku nonton streaming lha psbb
95,1,sumpah bener banget kek nya selama psbb ada produktifnya 
96,1,yok bisa yok psbb extended version yok
97,1,kok orang orang bisa psbb tapi berat badannya turun 
98,1,giat pengawasan psbb kelurahan cengkareng barat bersama satpol dan tiga pilar
99,1,kira-kira dengan trend penambahan kasus corona ibukota apakah psbb akan ditambah lagi jilid-jilidnya 
100,1,psbb gak boleh berkerumun gila gue memantau dari linimasa saja
101,1,hayu hayu kita lihat akhir bulan mudah-mudahan udah psbb 
102,1,jangan deh perlama aja psbb gua belum ace yak 
103,0,saya yakin yang berwenang tahu dampak dari pengesahan ini 
104,0,percuma pak nerapin psbb kalo antekmu yang bikin masalah
105,0,pusing psbb berantakan 
106,0,sumpa serem bgt takut  pls psbb selesai kek sepi bgt ini 
107,0,mending kgak usah psbb dari kemarin klo gini
108,0,psbb masih gak sih kalo masih udahlah psbb dicabut aje teringat warung2 resto cepat saji mall sepi krn gak boleh dine 
109,0,halah makanya dpr kalo mau bikin gaduh liat situasi skrg aja percuma psbb psbb kalo udh ada demo gini gak kasian rakyat kena imbas pandemi tolol 
110,0,salah satu permasalahan yang terjadi selama masa work from home wfh dan psbb ini adalah meningkatnya jumlah tagihan listrik rumah 
111,0,woi apa gunanya psbb kalo demo juga akhirnya
112,0,percuma juga psbb lagi sekarang aja lagi pada demo udah loss ajalah 
113,0,psbb sesuai kebutuhan penguasa pantas covid terus meningkat 
114,0,psbb judul nya doang. kelonggaran dimana mana. sama aja boongğŸ˜–
115,0,"smg gaada psbb :"""
116,0,"Jangan PSBB z pak yg dipanjangin terus, PPDB semrawut gak konpres????"
117,0,"Psbb mah masih, ngelanggarnya juga ya masihh"
118,0,"Sejak psbb nda ada yg seru, jadi banyak pikiran"
119,0,Selama masa PSBB kasus perceraian di Indonesia meningkat beberapa kali lipat dan yang banyak menggugat adalah perempuan. So sad.
120,0,"bismillah, semoga ga ada psbb lanjutan..
.
.
.
#dakwah #illustration #islam #masjid #covid19 #newnormal @ Indonesia  https://www.instagram.com/p/CB4vzLnFhZB/?igshid=3czkpsnczzslÂ â€¦"
121,0,"Katanya psbb tapi demo, memang lucu warga Indonesia"
122,0,"Ahh, stasiun berita Australia aja baru pecat 250 karyawannya.
Di Australia org2 udah pd kerja & sekolah. Artinya mrk kesulitan jg dgn PSBB. Bangkrut boss. Sok sok an menilai Indonesia."
123,0,"PSBB berbiaya sgt mahal,  mnggerus anggaran,
mnggerus ekonomi,
brpotensi mningkatkn krawanan sosial.

WAJIB BERMASKER!
Adalah pilihan paling realistis, modalnya hanya dsiplin kita,klo perlu PAKSA DISIPLIN!demi kselamatan smuanya! 
@DiskominfoMKS
@nurdinabdullahh
@BNPB_Indonesia"
124,0,"kata ebong PSBB Jakarta gagal, 
efeknya ekonomi Indonesia akan hancur lebur...
ğŸ˜
selanjutnya Jokowi akan mundur....
#AniesKeren"
125,0,Sby sudah ga ada psbb
126,0,masy gk mau psbb
127,0,"nyang melanggar PSBB kemarin kan sesama kaum dgn Geberner Indonesia ini, jadi cin cai lah ğŸ¤ŸğŸ¤ŸğŸ¤Ÿ"
128,0,"cewe keturunan tionghoa yg kena hukuman psbb nyapu jalanan, nyapunya seenak udel, nyapunya dgn jijik gitu. 
oya lupa kalo ras tionghoa di indonesia
""Dari kecil ga pernah nyapu"" katanya"
129,0,satu sisi sudah melanggar psbb turut prihatin 
130,0,sudah terlanjur ngga usah bilang begitu bacot kalian kemarin psbb hanya bikin buruk ekonomi sekarang beda lagi mulut dprd belum pernah kecocol aspal
131,0,percuma pak nerapin psbb kalo antekmu yang bikin masalah
132,0,pusing psbb berantakan 
133,0,kita sudah diem dirumah adem ayem selama psbb tapi dibikin gaduh sama pengkhianat bangsa kita harus lawan ketidakadilan dan kebatilan negeri ini allahuakbar 
134,0,sumpah serem banget takut psbb selesai kek sepi banget ini 
135,0,mending kagak usah psbb dari kemarin kalau begini
136,0,dugaan pelanggaran psbb 081020 lewat 
137,0,psbb masih gak sih kalo masih udahlah psbb dicabut saja teringat warung resto cepat saji mall sepi karena gak boleh dine 
138,0,psbb sistem sekarang gimana kok pada demo gak takut corona 
139,0,halah makanya dpr kalo mau bikin gaduh liat situasi sekarang aja percuma psbb psbb kalo udh ada demo gini gak kasian rakyat kena imbas pandemi tolol 
140,0,woi apa gunanya psbb kalo demo juga akhirnya
141,0,satu demi satu terbongkar seperti penipuan psbb lanjutan yang sudah menguras nafas pengusaha kecil 
142,0,pak saya jualan tenda biasa buka meja sejak psbb kedua buka meja aja orang ngumpul nunggu makanan dibungkus dibubarin sama satpol pak hari ini ratusan org berjejal demo satpol kemana pak saya harus minta keadilan kemana 
143,0,percuma juga psbb lagi sekarang aja lagi pada demo udah loss ajalah 
144,0,kalo gua pengusaha restoran sih gua udah buka aja seenaknya biarpun ada psbb pas dirazia bilang aja demo dibolehin kok
145,0,udah saatnya psbb dihentikan nih pak biarkan masyarakat cari nafkah kalau demo boleh kenapa orang cari nafkah boleh rakyat butuh kerja 
146,0,bentar bekasi psbb juga lah sabtu kemaren temen nyokap gue ada yang ngadain pesta tuh gimana ceritanya 
147,0,sisi lain dari koin sama menuntut pemerintah memperketat psbb untuk atasi pandemi tetapi mendukung deklarasi dan demo besar  
148,0,langgar aja psbb demi keadilan
149,0,gunanya pemerintah bikin psbb selama ini apa cok kalo ujung-ujungnya pemerintah juga ngundang masa turun kejalan 
150,0,akibat salah kaprah jadinya demo jadinya cluster covid makin banyak jadinya psbb diperpanjang jadinya ladang pekerjaan makin menipis jadinya ekonomi hancur kena impact kita rakyat kecil
151,0,halah psbb tai anjing kalo emg psbb pada boleh jalan jalan labuan bajo persetan
152,0,makanya psbb stop aja guna ekonomi hancur covid hilang dari awal teriak lockdown psbb itu geng nya oposisi mau supaya ekonomi hancur nanti mereka muncul sebagai penyelamat negara 
153,0,capek capek aku diem dirumah menaati aturan lah orang orang udah melanggar psbb enak enak temu temen udah gitu dapet gebetan baru lagi bgst 
154,0,setoran kurang karena psbb covid jadi bikin rusuh bangke
155,0,yang gini nih yang bikin dki zona merah psbb terus
156,0,ngatasin pandemi make psbb biar gak usah ngasih makan rakyat ngurus demo make karantina wilayah 
157,0,sampaikan salam buat gubernur anis semoga cepet cabut status psbb darurat
158,0,tutup selama psbb
159,0,sia sia psbb berbulan bulan sekali demo jutaan orang positif lagi  kalo tau gitu dari awal kan gausah psbb psbban kan 
160,0,akibat psbb keseringan dirumah jadi suka nonton ftv paham kan 
161,0,berjuang untuk hidup juga bapak negara juga buka psbb karena ekonomi gak memandang lonjakan kasus positif covid
162,0,saya gak nyalahin bisnisnya saya cuma menggaris bawahi efek psbb bagi para pedagang harian ini sangat terasa dan tuntutan hidup bayar anak sekolah dll tetap jalan sampai anak nya yang sekolah sampe ngojek itu pendapat sampean bagaimana 
163,0,setelah paceklik selama psbb sekarang lumayan dapat rezeki hehe
164,0,kerjaan jadi sepi dampak psbb
165,0,mungkin psbb kebanyak makan dari pada aktifitas brou 
166,0,pasukan umkm korban psbb 
167,0,kasian cafe nya sepi semenjak psbb 
168,0,setelah jenuh pandemi psbb dirumah saja jaga jarak 
169,0,ngapain sih ada psbb
170,0,"udah nggak usah lah, berhentiin aja"
171,0,gak guna ngurusi covid psbb aja masih pada keluyuran
172,0,rakyat miskin semakin miskin
173,0,item item bekas jerawat makin parah akhir akhir ini semenjak psbb 
174,0,gak urusan psbb sempeyan sampeyan sehat muleh nang omah selamet amin matur sembah suwun 
175,0,tanyakan sama bikin aturan psbb lagi 
176,0,kenapa guru pasang org yang demo trs capt nya usah lah psbb lagi ngapain â€â™€ï¸ gak habis pikir itu apa mmkstnya 
177,0,udah nuduh rakyat ada dalangi lalu demo rakyat dinilai langgar psbb dia gak sadar siapa positif covid seusai rapat dia gak sadar siapa foto2 seusai rapat astaga ini org apa bukan yah gak tau lagi dah harus ngmong apa org berpendidikan tak berakhlak
178,0,gak boleh coffee shop lagi psbb jadi gak bisa dine gimana brief kakak pembina udah dapet ini briefnya hehe
179,0,psbb total tarik rem darurat rem bloong rupanya 
180,0,alasannya subjektif semua mau demo nongkrong smp pilkada jangan pilih kasih begitu psbb kelar 
181,0,psbb kelar gue nongkrong2 jgn ada julid plis klo gini kan asal protkes dijalankanâœ¨
182,0,fakta demo calon pilkada sibuk juga alhamdullillah ada momen ikutan langgar psbb klasyer baru tanggung jawab 
183,0,psbb kpn kelar eug jkt 
184,0,sebanyak tempat usaha yang terdiri dari griya pijat bar dan karaoke harus ditutup karena beroperasi selama psbb 
185,0,psbb pembangkangan sipil bersekala besar
186,0,sdih bgt sih udh persiapan nnti ngp pas smp malah psbb
187,0,kalo pikir pikir sia sia juga kan jadinya psbb ini grgr pemerintah itu sendiri 
188,0,halah psbb tai anjing kalo emg psbb pada boleh jalan jalan labuan bajo persetan
189,0,psbb psbb mak gue kerja mulu dah 
190,0,jelas nunggu psbb dicabut ajalah 
191,0,psbb tai kucing udh sebulan keluar anjer 
192,0,temen2 mahasiswa ada iseng bilang makanya kasih demo biar anis juga gak psbb muluk  
193,0,gimana mau kerja kita kena korban psbb dan dirumahkan
194,0,psbb seribu tahun bila dpr nya kek tai apa gunanya sebel 
195,0,sia sia deh pak anies udah psbb minggu ada ramai ramai bsk positif dmn mana deh
196,0,jumlah orang dan tempat usaha yang ditindak saar pembatasan sosial berskala besar psbb makin banyak saja 
197,0,halaaah psbb kucing
198,0,enggak ada psbb nih enggak nih 
199,0,pembangkangan sipil berskala besar psbb
200,0,nampaknya besok psbb jkt akan diperpanjang lagi 
201,0,parah aturan pemprov dilanggar mana nih suaranya suka komen psbb mingkem semua  
202,0,sdh bersalah melanggar psbb
203,0,black zone nya gagal psbb mau ada kerumunan hari ini tim medis disuruh standby sehat sehat semua wahai teman sejawat god bless 
204,1,Kapan PSBB lagi nih Indonesia?
205,1,trend beli obat dan vitamin secara online meningkat masa psbb 
206,0,psbb lagiii jam kerja dikurangi penghasilan semakin sedikit sementara kebutuhan melambung tinggi butuh penghasilan tambahan bisa dikerjakan dari rumah penasaran klik  
207,0,psbb gaada gunanya 
208,1,"Pemprov DKI Jakarta memutuskan memperpanjang masa PSBB transisi hingga dua minggu ke depan. Keputusan untuk memperpanjang PSBB diambil setelah Pemprov DKI melihat tiga unsur, yakni epidemologi, kesehatan masyarakat dan fasilitas kesehatan. #MetroHariIni #IndonesiaMelawanCovid19 pic.twitter.com/mjN51gt6kN"
209,1,"aku h-3 psbb karena korona sempet kesana, sepii banget wkwk"
210,1,brarti kita sama yuk tos onlen krena sdang psbb
211,1,psbb lg dit
212,1,Psbb gaboleh dekat2
213,1,Bagussss lanjutkan PSBB ala2 sampai warga mau dgm sukarela menerima implan RFID ..  https://twitter.com/SINDOnews/status/1278360598468718593Â â€¦
214,1,"Sekarang lagi zaman nya PSBB ""PERNAH SAYANG BELUM BERJODOH"""
215,1,pulang PSBB GABOLE KONSER
216,1,amprong tetap psbb oke
217,1,PSBB TRANSISI 14 HARI LAGI
218,1,"PSBB Jakarta diperpanjang. Kayak ngaruh kayaknya, bedanya cuma orang pake masker dan gak pake masker."
219,1,Dirumah lagi psbb soalnya
220,1,"ngondang ye, nanti aja abis psbb"
221,1,"Industri kecantikan Indonesia diprediksi tetap tumbuh, namun melambat akibat pandemi.

Simak thread berikut

#PSBB #makeup #kosmetik pic.twitter.com/5NLSUBfK9r"
222,1,"Benar Pak @jokowi ..

Sayang Surabaya dan Jabar(minus BoDeBek) sudah mengakhiri PSBB nya ğŸ˜

Semoga lusa, 2 Juli, Gubernur @aniesbaswedan akan memperpanjang PSBB Transisi di DKI Jakarta ğŸ¤²
#PSBB
@BNPB_Indonesia
@ridwankamil
@BanggaSurabaya
@WH_WahidinHalim"
223,1,"Hey anak muda indonesia, tolong tetap dijaga psbb nya"
224,1,dijaga psbbnya biar gak kena covid
225,1,"Lindungi diri, keluarga, karyawan dan pelanggan Anda dengan akrilik Adiwarna Mika saat New Normal dan PSBB Transisi di Indonesia.

Partisi akrilik Adiwarna Mika memberikan solusi terbaik di tatanan normal baru (new normal) dan PSBB Transisi di Indonesia.

 https://www.acrylicmica.comÂ  pic.twitter.com/OVhBxfsBDr"
226,1,"Seneng liat penjelasan PaGub DKI barusan soal PSBB Transisi. Sebagai warga jadi terinformasi.

Tapi ya publikasi di TV Nasionalnya itu yang jadi mikir lagi2 urusan Indonesia itu bukan cuman urusan di Jakarta aja.

Terus?

Media banyak2 beritain sikon di luar DKI dong.."
227,1,"Lanjutkan PSBB, karena kasus di indonesia umumnya dan khususnya di DKI Jakarta masih belum menunjukkan penurunan signifikan, sehingga perlu lanjutkan PSBB dan pengawasan lebih ketat biar cepat berlalu dan penurunan kasus yang signifikan secara simultan."
228,1,"PSBB di Indonesia tdk ada yg dicabut selama masih Pandemi, @aniesbaswedan tidak gunakan kata new normal, lebih senang dg istilah masa Transisi. @BNPB_Indonesia
@DKIJakarta
#PSBBJakarta #psbbdilonggarkan #aniesbaswedan"
229,1,"Wilayah di zona merah harus menerapkan intervensi ketat, seperti PSBB di Indonesia atau lockdown."
230,1,"surabaya bebas covid
psbb berhasil
angka menurun

ğŸ¤£ğŸ˜€

walikota sering turun jalan lho
patut di contoh wuhan indonesia"
231,1,"Lah bukann nya solusinya dah ada yak, stay home, psbb. tapi Masi banyak tu orang goblok keluar rumah, klen yang ngebandel, pemerintah di kambing hitam kan, ayok lah Indonesia tolongg cerdas dikitt."
232,1,"Apabila PSBB memberikan dampak lebih baik untuk ibukota,  ya sepertinya tidak masalah jika diperpanjang. Lagipula lambat laun warga indonesia terbiasa dg PSBB dan PHBS."
233,1,"Selamat malam penghuni twitter 
Cerita dikit ya..
July ,,, wah hampir 4 bulan psbb di lakukan di Indonesia belajar melalui daring orang2 wfh .  Iya yang bisa wfh kayaknya enak ,yang kerja nya emang harus dilapangan ya semangat aja ya .."
234,1,"Di kotaku psbb lagi soalnya dhill hahah
Btw km kerja dimana e jogjanya?  https://twitter.com/RyuuDhilla/status/1283414273398472713Â â€¦"
235,1,"iyo...mari psbb jare ape buka,tapi ga sido...ditutup neh."
236,1,Psbb nya jangan lupa diterapin
237,1,Mending ibu berlakukan lagi PSBB di Surabaya..buat kebaikan semuanya.
238,1,"Nnti abis psbb aku ke bali, kita clubbing yak"
239,1,Selama masa PSBB kemarin memang gak diberlakukan tilang
240,1,"selama psbb kemarin2 itu ada penjual cilok keliling baru. Ciloknya enak & aku langganan beli, lewat dpn rmh sekitar jam set 10 pagi. Setelah 2 minggu jualan, tiba2 gak lewat depan rumah lagi, beberapa hari kemudian lewat lagi, pas aku tanya ternyata ga jualan krn anaknya sakit :("
241,1,"Padahal dari saat awal psbb ojol yg berperan besar dalam menggerakkan roda ekonomi via layanan gofood dan go shop
@sekbil____ @penguasahati @Pujangg92783325 @Martboyz1 @kemenperindag @jokowi @Kemenhan https://twitter.com/gojek24jam/status/1283286042410270720Â â€¦"
242,1,PATUH PSBB
243,1,PSBB inget jgn deket2
244,1,INI UDAH DONG BANG PSBB.
245,1,"siapa tau menang Sa, rezeky pas psbb ğŸ˜…"
246,1,"Menurutku mending nnt aja pas intensif. Sekarang kn masih pandemi tuh, keputusan pemerintah jg masih berubah2 kn, sayang aja gitu uangnya kalo misalnya nnt tiba2 psbb lg"
247,1,Promonya perpanjang lagi kaya psbb  pic.twitter.com/B5gLQD7g6p
248,1,"Ini Surabaya apa benar menerapkan PSBB lagi,mulai kapan yaa?? @e100ss"
249,1,Boleh gak PSBB lagi.
250,1,Gaboleh keluar e na psbb masihan disini
251,1,"New Normal? Kalau emang gabisa tertib untuk Psbb berti solusi buat menyelesaikan pandemi ini pake New Normal, dimana angka positif semakin naik terus dari hari kehariâ˜ºï¸ solusi?entahlah"
252,1,"Usulan PSBB bisa Jadi Solusi Covid-19, Permenkes No 9 Atur Tata Caranya
.
Baik gubernur atau Bupati dan Walikota dapat mengusulkan Pembatasan Sosial Berskala Besar (PSBB) di wilayahnya kepada Menteri Kesehatan...
 https://www.instagram.com/p/CBusjgVANJq/?igshid=1o5unva4c80pkÂ â€¦"
253,1,psbb akan menjadi solusi baik untuk mengurangi kasus covid
254,1,"Tanpa PSBB, Ekonomi RI Dinilai Ada di Jurang Resesi Seperti Singapura  http://dlvr.it/Rbfs6pÂ "
255,1,Jakarta ga PSBB lagi ya?
256,1,Psbb ya
257,1,Alhamdulillah sehat selama psbb
258,1,"Kita ini masih PSBB kan ya? 

- keluar untuk hal-hal penting/esensial dan ""mandatory""
- keluar menggunakan masker
- jaga jarak
- tidak salaman, ciuman pipi kiri dan kanan
- mengurangi/menghindari kerumunan dan ruang publik tertutup,

apa gimana? Apa udah berubah lagi aturannya?"
259,1,"Psbb perketat.. Kalo perlu karantina wilayah... 
Kmarin psbb tidak dapat menghambat lonjakan kasus.. Harusnya naik ke karantina wilayah.. Ini aneh malah psbb transisi.. 
Mall wisata.. CFD.. Tutup dulu"
260,1,psbb memberikan efek yang baik untuk pencegahan covid
261,1,lamain dikit deh ya psbbnya masih asik dirumah hehehe
262,1,tetap pakai masker dan jangan pergi-pergi
263,1,kaya'a PSBB perlu di terapkan kembali deh..
264,1,rejeki akan datang meskipun sedang diterapkan psbb
265,1,kalau bisa psbb yang lama sampai covid-19 hilang
266,1,psbb membantu meringankan penyebaran virus covid19
267,1,jangan dihentikan dulu psbbnya lanjutkan terus
268,1,covid belum hilang lebih baik psbb diperpanjang saja!
269,1,psbb diterapkan dengan baik maka covid-19 pasti hilang
270,1,harap pakai masker terus ya…..
271,1,"jangan banyak keluar rumah, masih psbb.."
272,1,ayok tetap dirumah dan mengikuti aturan psbb supaya covid19 hilang
273,1,jangan berkerumunan psbb nih
274,1,jogja gak ada covid-19 karna menerapkan psbb hehehe
275,1,pengen nya sih psbb lagi aja
276,1,enak banget dong psbb 
277,1,karena psbb sekarang makin sering baca
278,1,psbb seru banget bisa kumpul keluarga
279,1,apakah psbb tidak mau diterapkan kembali?
280,1,ayok psbb biar cepat hilang coronanya
281,1,selama psbb pengeluaran semakin irit
282,1,irit banget karena adanya psbb ini
283,1,karena psbb jadi punya kesempatan buat nonton anime..
284,1,kapan ya psbb lagi
285,1,psbb sangat baik diterapkan untuk mencegah penyebaran covid
286,1,mencegah covid-19 dengan psbb sangat efektif
287,1,psbb dinilai sangat efektif dalam mencegah penyebaran covid-19
288,1,psbb sangat efektif dalam meringankan penyebaran virus corona
289,1,kalau psbb diterapkan terus kemungkinan penurunan khasus corona
290,1,penyebaran virus corona bakal mendapatkan penurunan kalau psbb diterapkan
291,1,kasus penurunan corona mulai dilihat dengan jelas semenjak psbb diterapkan
292,1,kasus korona semakin dikit aja
293,1,kalau begini terus corona bakal hilang nih
294,1,covid-19 bakal hilang kalau begini terus
295,1,harusnya dari dulu diterapkan psbb ini
296,1,semakin yakin kalau indonesia bakal menurun kasus coronannya kalau kaya begini terus
297,1,masyarakat baik-baik ya diluar dan tetap menerapkan protokol kesehatan
298,1,seneng banget banyak liburnya dan nggak sekolah
299,1,kalau bisa psbb terus yaaaaaa biar makin lama liburnya
300,1,baik banget pakai masker dan mengikuti arahan protokol kesehatan
301,1,corona sedikit demi sedikit terlihat akan hilang
302,1,corona hilang ini mah
303,0,ekonomi makin bobrok aja kalau begini terus
304,0,ekonomi jadi rusak kalau psbb diterapkan terus-terusan
305,0,psbb sudah gagal lebih baik dicabut saja
306,0,psbb nggak akan berjalan jadi berhentiin aja
307,0,hentikan psbb hentikan saja
308,0,kalau begini terus makin banyak yang kesusahan mencari uang
309,0,banyak yang dipecat ketika lagi psbb
310,0,cari kerja jadi susah banget
311,0,"susah kemana-mana nih selama psbb, mending udahan aja"
312,0,selesain aja psbbnya biar new normal aja
313,0,udah nggak kuat lagi pengen keluar rumah udah nggak tahan dirumah terus :(
314,0,pengennya sih psbb berhenti aja biar new normal
315,0,usaha jadi semakin sepi
316,0,susah cari uang euy kalau kaya gini terus
317,0,"dampaknya ya di ekonomi, bobrok ekonomi kita kalau psbb terus dilanjutkan"
318,0,mending udahan aja deh dari pada makin nggak bener orang-orangnya
319,0,bisa diliat kalau psbb dinilai nggak bagus dan nggak efektif lagi
320,0,nggak baik banget maksain untuk menerapkan psbb disaat ekonomi lagi anjlok gini
321,0,anjlok banget ekonomi kita ini lebih baik cabut saja psbb di indonesia
322,0,Jam segini baru pulang ngantor Jakarta kaya gak ada bedanya psbb atau gak. ğŸ˜‘
323,0,"Sekarang msyarakat sdh apatis ama covid..liat aja yg ditakutin bukan covidnya tapi kalau terjadi psbb lg atau lokdon mereka td bs usaha dkk..krn kenaikan tsb hanya angka saja, terbukti menkesnya blg krn pasien dikit..jd ya itulah yg terjadi"
324,0,"Lonjakan Corona di Jakarta dan Kegagalan PSBB Transisi Anies
Lonjakan Corona di Jakarta dan Kegagalan PSBB Transisi Anies  http://cnn.id/524527Â "
325,0,Msh difikirkan mengingat psbb gak kelar kelar
326,0,"Ya tau sih kalian gabut udah libur mana psbb lagi, tapi ga gini juga kali"
327,0,makin buruk aja ekonomi kita 
328,0,ekonomi semakin lama semakin memburuk
329,0,saya harap psbb dihentikan saja supaya ekonomi indonesia tidak menambah buruk
330,0,bobrok banget penerapannya
331,0,banyak yang tidak taat aturan jadi hentikan saja
332,0,psbb sudah tidak diberlakukan lagi yeayy
333,0,keluh kesahku slama psbb ğŸ˜­ğŸ˜­ğŸ˜­ğŸ˜­ğŸ˜­ğŸ˜­ğŸ˜­
334,0,tidak membaik sama sekali banyak orang yang keluar rumah
335,0,"Lonjakan Corona di Jakarta dan Kegagalan PSBB Transisi Anies
Lonjakan Corona di Jakarta dan Kegagalan PSBB Transisi Anies  http://cnn.id/524527Â "
336,0,PSBB 4nies gagal lengserkan wan abud #FPIboneka4nies
337,0,"ga ldr. tpi iya marah gajelas mulu pas berbulan"" ga ktemu krn psbb."
338,0,Boleh gak PSBB lagi.
339,0,Gue mau minta duit sekarang malu anjay. Sedangkan duit gue udah abis buat beli ini itu selama psbbğŸ˜¶
340,0,"ga mauu, psbb awokwokwowk"
341,0,"Tdk hanya psbb yg menghambat perekonomian...
Tetapi aturan peraturan yg gawe ruwet dan membebani rakyat seperti rapid tes,swab,dll.
Mbok ya yg diperkuat sistem imun bukan aturan peraturan pating plekatit...  https://twitter.com/republikaonline/status/1283360075885670400Â â€¦"
342,0,"Cabutlah semua urusan PSBB biar orang pada gampang cari makan. Bukan hanya karena Corona, karena gak makan juga kita bisa mati"
343,0,cabut aja kebijakan psbb ini
344,0,lebih baik psbb dicabut saja biar masyarakat mudah cari makan
345,0,saya setuju sekali kalau psbb dicabut
346,0,Iya..mending ga usah psbb atau apalah.. anggap saja c19 tdk ada
347,0,"Untuk apa PSBB kalau Demo dijinkan?
Sah sah aja mengatakan warganya  belum disiplin protokol kesehatan, tapi apakah pimpinan yang mengijinkan demo itu sudah disiplin protokol kesehatan? 
Bingung kan? ğŸ¤”ğŸ¤¦â€â™€ï¸"
348,0,"Tetap ""New Normal"" dan berdamai dgn corona untuk ekonomi pulih atau ""PSBB"" untuk melawan corona dan ekonomi anjlok?"
349,0,Parah bro makan tidur kerjaan nya selama psbb ğŸ˜‚
350,0,banyak yang nganggur selama psbb
351,0,kebanyakan menganggur nih
352,0,banyak pengangguran yang butuh kerja dong
353,0,lebih baik dihentikan saja psbb supaya tidak banyak yang menganggur
354,0,nganggur lagi nganggur lagi
355,0,pengangguran butuh kerja!!!! Cabut psbbb
356,0,dihentikan kerja sekarang nganggur lagi
357,0,menganggur terus gara-gara psbb jadi gak bisa kerja
358,0,"pengangguran semakin meningkat selama psbb, jadi susah cari makan"
359,0,"ekonomi hidup jadi rusak, psbb dihentikan saja bikin nganggur, pengangguran juga butuh makan"
360,0,ekonomi rusakkkkk hentikan psbb
361,0,"anjing psbb terus masa, hentikan aja"
362,0,bangsat udah jangan psbb bikin sakit kepala
363,0,psbb hentikan aja bangsat! Ngapain diberlakukan lagi sih?
364,0,bangsat udah bener new normal aja jangan psbb
365,0,"mendingan new normal deh, anjing banget kalau misalnya harus psbb lagi"
366,0,nggak usah psbb lagi biarin aja new norma bangsat
367,0,anjinggg banget psbb lagi aja
368,0,anjinglah pemerintah masa mulai lagi psbbnya
369,0,"Eh anjenggg, 
klo soal pidato cuapÂ² kamu memang paling jago, zero action.

Kenapa di saat PSBB kamu malah ijinkan orang utk demo di jkt??

Ahh dasar KADAL OTAK BENGKOK lu bahlul.  pic.twitter.com/q7Sz6uZRlH"
370,0,"trs gagal nikah begini lagi, apalagi psbb covid kmrn dan abang kena lay off yaudah deh ha ha ha lumayan simulasi jd seorang bapak ya?"
371,0,gagal nikah gara-gara psbb
372,0,"gara-gara covid19 jadi gagal nikah, padahal udah siap-siap"
373,0,gagal jalan-jalan euy psbb
374,0,bosan banget dirumah terus
375,0,gabut banget nih gak bisa kemana-mana
376,0,bosannnnn mau jalan-jalannn
377,0,bosan euy jalan-jalan yuk
378,0,pengen jalan-jalan bosen dirumah terus
379,0,bosan banget setiap hari kerjaannya begini terus
380,0,"bosan nih, ajak jalan yuk. Lagian juga udah mulai rame tuh diluar"
381,0,Roman2nya PSBB bakal diberlakukan lagi nih
382,0,YA GA AKAN NOLAK LAH PAK SERIUS ğŸ˜­ğŸ˜­ tapi balik ke bandungnya itu loh gimana kalo lg corona serba psbb gini ğŸ˜­ğŸ˜­
383,0,akhirnya psbb berakhir juga
384,0,selesai psbb bisa jalan-jalan nih
385,0,psbb udah gak ada lagi yey
386,0,gak diterapkan psbb jadi bisa keluar main lagi
387,0,"Ini PSB, bukan PSBB ya. PSB ini singkatan Photosintesis Bakteri, sejenis POC (pupuk organik cair). Formula PSB ini ditemukan oleh orang Thailand.
Apa manfaatnya bagi tanaman?
1. Membantu menambahkan nitrogen keâ€¦  https://www.instagram.com/p/CCqSdtxlq1B/?igshid=smsl8nnx3qdgÂ â€¦"
388,0,psbb atau nggak tetep aja rame-rame kumpul
389,0,psbb tapi banyak yang ngumpul percuma
390,0,percuma ada psbb orang-orang masih sering kumpul
391,0,mendingan gak usah psbb sia-sia banget soalnya dicabut aja
392,0,"psbb dicabut aja, sia-sia banget soalnya"
393,0,mendingan udahan gak usah psbb lagi
394,0,sia-sia nerapin psbb orangnya pada bandel semua
395,0,mendingan gak usah diterapin psbb percuma banget
396,0,"ngapain ada psbb, percuma banget nerapin psbb kalau kaya gini orangnya"
397,0,psbb kumpul-kumpul nggak psbb tetep kumpul-kumpul juga
398,0,mending cabut aja sia-sia banget ada psbb
399,0,aku sih mendingan nggak usah psbb lagi
400,0,udahan dong psbbnya
401,0,kembali new normal aja jangan psbb lagi
402,0,akhirnya kantorku back to new normal setelah psbb transisi kemarin back to normal. aku masuk jam 9 pulang jam 4 lagi guys akhirnya ğŸ¥° walaupun pulangnya juga bakal pulang kayak jam normal 17.30 ğŸ¤ª
403,1,ngapain sih kumpul-kumpul udah tau psbb
404,1,"wahhh psbb ada hikmahnya juga ya ğŸ˜­ jd bisa kenal anak2 wkwkwk

aku juga ngerasa gitu kok, bahkan sampe sekarang. berasa salah masuk fandom krn jarang bgt yg seumuran ğŸ˜­ğŸ˜­ğŸ˜­"
405,1,akan sangat baik apabila kita menerapkan psbb untuk mencegah penyebaran covid-19
406,1,penurunan kasus covid19 mulai terlihat
407,1,indonesia semakin membaik saja dalam penurunan kasus covid19
408,1,covid19 semakin menurun dan mulai membaik kembali
409,1,kaya'a PSBB perlu di terapkan kembali deh..
410,1,"Masih psbb, online aja skuy"
411,1,"online aja seru kok, dirumah terus kan lebih aman"
412,1,ngapain keluar-keluar mending dirumah aja dan ikutin protokol kesehatan
413,1,semakin membaik aja kasus yang muncul berkurang
414,1,covid-19 semakin berkurang jadi semakin baik aja negara ini
415,1,taat aturan banget aku dirumah terus
416,1,terus stay at home ya kawan-kawan
417,1,jangan pergi kemana-mana yaa kawan-kawan
418,1,dirumah terus aja sampe covid19 selesai
419,1,taat psbb skuy
420,1,"jangan banyak keluar rumah, lebih baik tetap di dalam rumah aja"
421,1,lg psbb ntar dimarahin pa jokowi
422,1,ga boleh keluar rumah nanti kena covid
423,1,gak boleh keluar rumah ya semuanya
424,1,gak ada macet sama sekali
425,1,tetep stay at home semuanya taat aturan
426,1,baik-baik ya dirumah tetep sabar dan taat aturan
427,1,sabar harus bertahan di rumah terus untuk mengurangi tingkat kenaikan kasus psbb
428,1, tetep dirumah aja
429,1,jan kemana-mana tetep dirumah biar covid hilang
430,1,mendingankan dirumah taat aturan aja
431,1,"ngapain demo ih kan psbb, mending dirumah aja tidur"
432,1,klo gak perpanjang psbb nya buka lagi kokas bakalan dine 
433,1,masih psbb
434,1,yang demo psbb dijaga tolong gamau kan kelar demo angka kasus menambah drastis alias semangat turun jalan stay safe
435,1,"Pemprov DKI Jakarta memutuskan memperpanjang masa PSBB transisi hingga dua minggu ke depan. Keputusan untuk memperpanjang PSBB diambil setelah Pemprov DKI melihat tiga unsur, yakni epidemologi, kesehatan masyarakat dan fasilitas kesehatan. #MetroHariIni #IndonesiaMelawanCovid19 pic.twitter.com/mjN51gt6kN"
436,1,Psbb di tambah yang sampe 2 thn lagi Ã°Å¸ËœÂ¬  pic.twitter.com/LwLSZbJhqv
437,1,"Jogja PSBB sampe 31 Juli nder 

Ã°Å¸ÂÅ "
438,1,psbb terus aja deh please
439,1,jangan sampe ada covid lagi mending terapin aja psbb
440,1,Alhamdulillah sehat selama psbb
441,1,untuk masih psbb jadi bisa nyantai-nyantai dulu
442,1,kenaikan ekonomi semakin membaik setelah penerapan psbb
443,1,terapin psbb dong biar makin hilang covidnya di indonesia
444,1,pengennya sih psbb terus biar covid hilang
445,1,ngapain dicabut? Kan udah bener-bener psbb covid jadi hilang
446,1,"asik psbb lagi, libur lagi hehehe"
447,1,"ngapain sih pada kumpul-kumpul, kan psbb taat aturan dong"
448,1,jangan pada kumpul yang sekarang psbb dulu
449,1,"jaga jarak teman-teman, hargain tenaga medis"
450,1,hargain tenaga medis indonesia dengan taat aturan
451,1,hargain dong tenaga medis dengan cara menerapkan psbb
452,1,ya kan kita ngebantu tenaga medis untuk meringankan psbb biar covid hilang
453,1,mending juga lanjut tidur kan psbb masih banyak waktu buat melakukan hal bermanfaat
454,1,sangat bermanfaat
455,1,psbb bermanfaat banget buat menghilangkan covid19
456,1,"ini sangat bermanfaat loh, mending kita lanjutkan saja psbb"
457,1,"asik psbb bikin kasus covid-19 berkurang, jadi makin yakin indonesia bisa sukses tanpa covid"
458,1,covid hilang kalau orang-orang taat aturan psbb
459,1,ayo dong taat aturan jangan keluar rumah
460,1,dirumah aja ya sayang kita taat aturan psbb
461,1,jangan keluar rumah masih psbb
462,1,disaat psbb begini jadi lebih enak jalanan jadi sepi
463,1,enak banget nggak macet
464,1,psbb berasa kaya dunia milik sendiri
465,1,udara semakin membaik alam-alam menjadi lebih hidup
466,1,"psbb selain melambatkan penyebaran corona, membuat alam menjadi lebih cerah juga"
467,1,corona menjadi hilang dan alam menjadi bahagia
468,1,bahagia banget liat tanaman jadi hidup
469,1,nggak ada polusi lagi
470,1,polusi udara semakin berkurang
471,1,alam bahagia manusia pada psbb
472,1,"penghijauan alam, ayo psbb biar udara jadi semakin segar"
473,1,nggak ada polusi udara lagi
474,1,"seger banget nih, nggak ada polusi hahaha"
475,1,"mengurangi korona dan menghijaukan alam, psbb"
476,1,"dukung tenaga medis indonesia, jangan keluar rumah dong"
477,1,menurut gua psbb ini emang paling efektif banget sih untuk menghambat penyebaran virus corona
478,1,"jangan keluar dulu dong sayang, lagi psbb nih"
479,1,"ayo psbb lagi dong, lagi perpanjang psbbnya dong"
480,1,hargain tenaga medis dengan cara tetap dirumah aja
481,1,pengeluaran semakin irit selama psbb
482,1,"irit banget uang gua pas psbb, jadi nggak kemana-mana juga"
483,1,"irit dah, lumayan banget ini.."
484,1,"nggak ngeluarin banyak uang, jadi irit banget pas masa-masa psbb"
485,1,"indonesia bisa, ayo jangan keluar rumah dan tetap stay home"
486,1,"pengen jalan-jalan tapi lagi psbb, jadi tetep dirumah aja deh biar virusnya cepet hilang"
487,1,"ayok psbb semuanya, taat aturan yang bener ya"
488,1,"jangan keluar rumah dulu dong, nunggu covid-19 ilang dulu"
489,1,"corona bisa ilang nih asal taat aturan, perpanjang psbb"
490,1,corona nggak bakal menyebar kalau orang taat aturang psbb
491,1,"mending dirumah aja deh, lumayan pengeluaran uang jadi semakin irit banget pas masa-masa psbb"
492,1,hahahaha paling enak emang dirumah aja bisa main ps4 terus
493,1,"seru sih dirumah, bisa makan masakan mamah"
494,1,"dirumah terus asik sih, maen sama adik-adik banyak hal yang baru aku tau"
495,1,"jadi semakin deket sama keluarga, selain itu dirumah tetep nyenengin karna psbb"
496,1,"dirumah terus, jadi irit "
497,1,"bahagia banget nih liat alam jadi seger gitu, gantian sama manusia sekarang alam yang hidup bebas"
498,1,"bebas polusi, bebas corona, dan hidup sehat semuanya"
499,1,jalanan sepi jadi seneng banget nggak ada macet-macet lagi sekarang
500,1,"nah gini dong taat sama aturan, ayok dukung tenaga medis."
501,0,"brengsek masa psbb diterapin lagi, cabut aja"
502,0,"ada psbb tolong, berhentiin aja"
503,0,cabut aja kebijakannya
504,0,"please, udahan aja psbbnya"
505,0,Ini kan udah ga psbb brou
506,0,wkt psbb kan kosong brou
507,0,psbb judul nya doang. kelonggaran dimana mana. sama aja boongÃ°Å¸Ëœâ€“
508,0,"sama aja bohong ini mah, mending udahan aja gak usah ada psbb"
509,0,"Males, selama psbb otak gua ikut quarantine."
510,0,males banget psbb 
511,0,nggak bisa ngapa-ngapain sedih banget kalau psbb kaya gini
512,0,udahan ya udahan 
513,0,udahan dong cabut aja kebijakannya
514,0,"smg gaada psbb :"""
515,0,semoga nggak ada psbb
516,0,semoga ga ada psbb
517,0,sedih banget kalau lama kaya gini nggak bisa kemana-mana
518,0,itu dibikin pas psbb kemaren karena dia gabut bunda
519,0,Ospek nta onlineee bang lg psbb
520,0,Dan rasa ini masih sama setelah melewati masa psbbÃ°Å¸Ëœâ€šÃ°Å¸Ëœâ€š
521,0,"PSBB z pak yg dipanjangin terus, PPDB semrawut gak konpres????"
522,0,Kemarin mo ngapel dibilang psbb
523,0,Wifi semenjak psbb dll nya jadi tambah lemot ya
524,0,jaringan jadi lemot banget
525,0,anjlok negara anjlok
526,0,anjlok ekonomi kita udah cabut aja hentikan psbb
527,0,krisis uang gak ada pemasukan
528,0,nggak punya uang nih krisis
529,0,"krisis uang nggak ada pemasukan, udahan kek"
530,0,ayo hentikan psbb aja
531,0,nggak punya uang nggak punya pekerjaan sedih banget
532,0,nggak punya uang nggak punya pekerjaan sedih banget
533,0,"pengen nangis banget kalau kaya gini ya allah, udahan aja dong"
534,0,korban psbb nih
535,0,jadi korban psbb ekonomi jadi anjlok
536,0,"penghasilan jadi kurang, tolong hentikan ajaa"
537,0,"serba gak bisa apa-apa udah dong cabut aja penerapan psbbnya, biar bisa kerja lagi"
538,0,jadi stres banget udah nggak kuat
539,0,"stress banget guys, pengen kemana-mana nggak bisa"
540,0,"Gue udah stress bgt dari berhenti kerja, pas psbb liat org&temen selalu nongkrong, pas new normal gue balik nyari kerja mau diapus new normalnya. Jd gue harus ngedep dirumah sampe kapan anjing!"
541,0,"Abang somay nya ga dateng, psbb"
542,0,jadi serba susah nggak bisa apa-apa
543,0,"pengen apapun jadi susah, udahan aja psbbnya"
544,0,Penyebaran virus corona membuat pemerintah indonesia membuat peraturan bernama PSBB. PSBB adalah Pembatasan Sosial Berskala Besar yang dianggap mampu mempercepat penanggulangan sekaligus mencegah penyebaran coronaÃ¢â‚¬Â¦  https://www.instagram.com/p/CCD3dyLFFSY/?igshid=tyr8ka1opr8yÃ‚Â Ã¢â‚¬Â¦
545,0,Ohh baru tau di indonesia pernah psbb
546,0,Pa jokowi ko kaya ga kenal org indonesia sih. Wake up pak kmrn yg buka psbb siapa
547,0,mendingan new normal jangan psbb
548,0,iyaa tolong ganti jadi new normal aja
549,0,"new normal lebih baik, jadi hapus aja psbb"
550,0,mendingan new normal deh pak jangan ada psbb lagi yaaa
551,0,tolong ini dagangan jadi sepi saya butuh makan pak
552,0,cabut aja ngapain ada psbb
553,0,pembohong katanya mau membuat rakyat senang malah sengsara gini
554,0,"mana ada kaya begituan, mending udahan aja"
555,0,ekonomi bobrok
556,0,bobrok banget penghasilan semakin berkurang
557,0,"mau ada psbb mau nggak sama aja, mending nggak usah ada"
558,0,"jangan psbb ngapain, orang banyak yang melanggar juga"
559,0,"kita juga butuh makan kali, jangan dipaksain untuk melakukan psbb"
560,0,dihentikan saja tolong
561,0,"Seriusan beritanya? Sumpah di riau 3 kali psbb ga dapat satupun. Itu dananya buat apa ya? Rapid test bayar, kalo seandainya 250jt orang indonesia gratis rapid test maka cuma memakan biaya 62,5 triliun. Jauh lebih kecil dari anggaran untuk covid."
562,0,longgar banget pertahanan crystal palace kek psbb di indonesia #kritiksosial
563,0,"Pekan Depan, Tak Ada Lagi CFD di Jalan Thamrin-Sudirman
#CarFreeDay #PSBB #transisi #COVID19 #Jakarta #Indonesia

Selengkapnya
 https://www.askara.co/read/2020/06/24/5904/pekan-depan-tak-ada-lagi-cfd-di-jalan-thamrin-sudirmanÃ‚Â Ã¢â‚¬Â¦"
564,0,"Apa arti nya PSBB dan social distencing kalau kaya gini?? Gada makna nya!! Pda tolol terkadang +62 kasian atuh pak presiden lg mkir bagaimana ngatur pola ekonomi indonesia eh ini malah dsuruh turun, klo gua jdi presiden  nya si yg demo aja pda bisa ga jdi presiden..!!"
565,0,"Katanya psbb tapi demo, memang lucu warga Indonesia"
566,0,"Terdapat beberapa penyebab PSBB ini tidak berjalan dengan baik bagi seluruh masyarakat Indonesia, seperti tidak adanya standardisasi terkait target akhir dan langkah pelaksanaan PSBB sehingga terjadi ketimpangan pelaksanaan PSBB antarprovinsi yang telah melaksanakan.  pic.twitter.com/kPepVKlNLB"
567,0,"Justru lek PSBB maneh Indonesia kelangan potensi dadi top global. Singapore wes kesalip, saiki kudu iso nyalip China. Ã°Å¸Ëœâ€š"
568,0,"Ahh, stasiun berita Australia aja baru pecat 250 karyawannya.
Di Australia org2 udah pd kerja & sekolah. Artinya mrk kesulitan jg dgn PSBB. Bangkrut boss. Sok sok an menilai Indonesia."
569,0,banyak yang bangkrut
570,0,"perusahaan di indonesia pada bangkrut, jadi pada pecat kariyawan"
571,0,psbb di indonesia mending udahan aja bikin bangkrut kasian
572,0,"memburuk aja nih negara ekonomi anjlok, kariyawan kehilangan pekerjaan"
573,0,banyak yang kehilangan pekerjaan karena psbb jadi hentikan saja
574,0,"udahan yuk jangan psbb lagi, bikin sepi pelanggan"
575,0,bukan mati karena korona tapi mati kelaparan
576,0,"nggak ada pemasukan, nggak punya penghasilan sedih banget"
577,0,"PSBB berbiaya sgt mahal,  mnggerus anggaran,
mnggerus ekonomi,
brpotensi mningkatkn krawanan sosial.

WAJIB BERMASKER!
Adalah pilihan paling realistis, modalnya hanya dsiplin kita,klo perlu PAKSA DISIPLIN!demi kselamatan smuanya! 
@DiskominfoMKS
@nurdinabdullahh
@BNPB_Indonesia"
578,0,"Warga Indonesia, entah itu laskar FPI / bukan, bisa berpotensi diserang Corona

Now, Jakarta msh menerapkan status PSBB dlm masa transisi

Pertanyaannya, apakah pak 4nies Baswedan melarang kelompok ini utk tidak menggelar demo.?

#RadikalHTIFPItunggangiPandemi pic.twitter.com/LzrIpOVI3o"
579,0,"Aturan yg ada, yg hrsnya diperjelas pak.

Sbnrnya, klo dr awal merebak, kt langsung tutup, mungkin skrg sudah trkendali. Jd masing daerah gk perlu PSBB, krn dr pusat sudah mnutup pintu masuk ke Indonesia

Skrg, TKA dr China, diizinkan masuk brtahap, pdhl mrk lg ada gelombang ke 2"
580,0,Nambahnya 1000 pasien perhari rata2 se indonesia. PSBB sama new normal ga beda jauh.
581,0,"Cara salah satunya PSBB yg di lakukan selama 3 bulan, namun dasar ekonomi Indonesia yang semakin menurun membuat pemerintah mengambil langkah2 baru agar perekonomian di Indonesia membaik yaitu melakukan pelonggaran dengan membuka mall dan pusat perekonomian lainnya."
582,0,"Wapres Ma'ruf Akui Ekonomi Indonesia Melambat Karena PSBB, ocehan Ma'ruf Amin SAMPAH, tugas penting membantah Muhammad BIADAB tidak dilakukan malah nyampah, memalukan.  https://www.merdeka.com/uang/wapres-maruf-akui-ekonomi-indonesia-melambat-karena-psbb.html?utm_source=dlvr.it&utm_medium=%5Bmerdekatwitter%5D&utm_campaign=%5Bmerdekatwitter%5DÃ‚Â Ã¢â‚¬Â¦ pic.twitter.com/v5QxBBFPFe"
583,0,"ekonomi mengalami perlambatan ekonomi, jadi hentikan saja"
584,0,"ekonomi jadi lambat berkembang, banyak pengurangan kariyawan jadi hentikan saja"
585,0,"banyak yang dipecat, ekonomu bobrok, udah hentikan aja"
586,0,"ekonomi nggak mengalami peningkata, kematian yang meningkat, jadi hentikan aja"
587,0,"jangan dipaksain psbb kalau emang nggak kuat, udahan aja ya"
588,0,Harus kejar tayang ketertinggalan ekonomi Indonesia...pasca PSBB Corona
589,0,"Lo pada bener2, gue udh ga pulang kerumah supaya mengurangi penyebaran covid. Eh lu pada PSBB udh dibuka langsung pada CFDan. Makasih ya udh mengurangi populasi penduduk indonesia."
590,0,"Jangan sampai terkena pengalihan isu dari virus corona di Indonesia, jgn termakan berita"" kriminal di masa psbb transisi ini yg korbannya semakin banyak
#PSBBJakarta #transisinewnormal #NewNormal #PemuasNafsu"
591,0,"Percaya deh wkwk kepala daerah indonesia pasti mikir gini juga kok. Lihat aja surabaya, mereka test masif, trus angkanya jadinya tinggi, ujung2nya yg disalahin pemdanya, trus psbb terus, psbb rakyat gaksuka sma penda.  Jadi ya cara praktisnya, kurangin testnya :)"
592,0,"Pertimbangan resiko psbb dan perekonomian semua hrs bs samaÃ¢â‚¬Âjalan. Jika berat sebelah pasti indonesia akan lambat untuk maju. Yg lbh parah pengangguran ,kelaparan ,kejahatan pasti akan meningkat."
593,0,"Indonesia saksake,sakkarepmu,apa itu Corona,covid,psbb, KLB, coba jelaskan!"
594,0,"Lets say together ""terima kasih PSBB di indonesia, bikin anak2 makin rajin internetan"""
595,0,internet jadi lemot banget pas psbb
596,0,beban banget susah cari materi dan jaringan lemot
597,0,mau apa-apa nggak bisa sedih banget
598,0,mending udahan aja yaa pak psbbnya kami mau kembali bekerja
599,0,psbb makin nggak bener aja mending jangan deh psbb
600,0,"ngapain ada psbb, cabut aja bikin ekonomi indonesia makin anjlok aja!"
601,1,psbb membuat penurunan covid19 membaik
602,1,baik-baik deh dirumah yaaaa
603,1,kita sehat kok selama diruma jadi tetep psbb ya
604,1,psbb jadi serba baik semua
605,1,semoga semakin membaik negara ini taat psbb ya
606,1,hati-hati dirumah terus ya taat psbb biar negara sembuh
607,1,udah tau psbb
608,1,"ngapain keluar rumah, kan udah tau psbb"
609,0,jangan lama-lama psbbnya
610,0,"jangan perpanjang psbb please, aku udah capek dirumah"
611,1,aku berharap psbb diperpanjang aja sih
612,1,harapannya psbb bakal diperpanjang hehehe
613,1,mendingan diperpanjang aja pak psbbnya soalnya biar lebih aman
614,1,"mendingan terus perpanjang psbb pak, soalnya itu bakal ngebantu penurunan kasus corona"
615,1,perpanjang saja pak mendingan dibanding bakal makin naik kasus corona
616,1,"mending perpanjang psbb, semakin banyak tinggi aja nih kasus"
617,1,"saya berharap psbb diperpanjang, soalnya lebih kelihatan penurunannya saat masih psbb"
618,1,mendingan psbb diperpanjang aja pak
619,1,"pak jokowi tolong perpanjang aja psbbnya, agak mendingan kasusnya turun"
620,1,berharap psbb bakal diperpanjang aja
621,1,"harapannya sih psbb diperpanjang, soalnya ngeri ngeliat kasusnya "
622,1,PSBB diperpanjang aja pak!! Please saya berharap banyak sama bapak
623,1,harapan saya psbb bisa diperpanjang sampai tahun depan
624,1,"pakkkkk perpanjang aja psbbnya, soalnya khasusnya makin aneh…"
625,1,"ayok dong PAK JOKOWI perpanjang PSBB ini, biar negara kita aman"
626,1,dengan diperpanjangnya psbb diharapkan bakal menurunkan kasus covid-19
627,1,adanya psbb kan harapannya biar gak ada korona
628,1,sengaja diterapin psbb biar harapan nya bakal ilang ini corona
629,1,"semangat, terus berharap kalau corona bakal ilang."
630,1,semoga psbb diperpanjang
631,1,"semoga aja korona ilang, yuk ah psbb dulu guys"
632,1,"jangan begitu dong, kan adanya psbb semoga aja hilang coronanya."
633,1,"berdoa terus semoga corona hilang, jadi tetep dirumah aja semuanya…..."
634,1,"taat psbb men, semoga corona hilang. Jangan out-out duls"
635,1,"cuman bisa berharap semoga corona cepet hilang, jadi tetep dirumah terus hehehe"
636,1,"yuk berdoa bareng2, semoga corona cepet ilang dan bisa pergi2 lagi."
637,1,"semoga aja psbb lagi, soalnya asik banget. Bahagia gua di rumah hahaha"
638,1,"selama dirumah bahagia banget,bisa kumpul sama2. semoga sedikit diperpanjang psbbnya"
639,1,"jangan berharap yang nggak2 dah, harapan gua cuman satu semoga corona hilang. Mangkanya dirumah terus"
640,1,semoga aja psbb diperpanjang lagi. aminnnn
641,1,berharapnya bakal diperpanjang psbb
642,1,harapan nya bakal ada psbb lanjutan
643,1,kalau bisa psbb diterusin yaa.. Biar cirini ini hilang 
644,1,"psbb lagi dong, biar corona hilang dulu"
645,1,"kalau bisa psbb terus diperpanjang, harapannya ya biar corona hilang"
646,1,"harusnya diperpanjang aja psbbnya pak, saya berharap banget loh ini. "
647,1,"harapan saya sih bisa terus dirumah, takut juga keluar rumah."
648,1,lanjutin psbb aja dong
649,1,"psbbnya lanjut dong, kalau begini terus jadi takut kena covid semua"
650,1,ini nggak mau dilanjutin aja apa psbbnya? padahal bagus
651,1,tindakan bagus itu kalau mau ngelanjutin psbb
652,1,penerapan psbb itu tindakan yang bagus padahal
653,1,menurut saya psbb di indonesia ini udah bagus dan baik
654,1,psbb di indonesia dinilai sangat baik dalam penerapannya… lanjutin aja brooo
655,1,"lanjutin dong psbbnya, udah bagus nih"
656,1,bismillah semoga aja psbb dilanjutin. Kan bagus tuh kalau corona nya ilang
657,1,saya sangat mendukung psbb
658,1,sayang ngedukung banget kalau psbb dilanjutin
659,1,"psbb lanjutin aja, saya mendukung banget loh ini. Progresnya bagus"
660,1,"yuk lanjut nih psbb, bagus kok. Tak dukung banget ini. "
661,1,kinerja yang baik dan bagus…. Lanjut psbb…
662,1,lanjut psbb tak dukung banget! Aku tau ini progres yang bagus dan baik!
663,1,"psbbnya dilanjutkan saja, saya berharapnya begitu"
664,1,"ngapain dipikirin, lanjutkan saja"
665,1,"psbb lanjut aja, ini supaya covid hilang. Lanjutkan terus"
666,1,ayo dukung psbb supaya dilanjutkan
667,1,lanjut psbb!! Biar covid hilang!
668,1,psbbnya lanjut bro! @dimaangaa
669,1,ngapain mikirin lama-lama lanjut terus psbb. Covid hilang semuanya senang
670,1,kalau lagi psbb banyak senangnya banyak bahagiannya
671,1,"bahagia banget nggak masuk sekolah, bisa kumpul sama mamah dan keluarga lainnya"
672,1,lanjut nih brou @indraiwan supaya corona makin hilang wkwkwk
673,1,jangan ditunda-tunda lanjut langsung psbb biar makin berkurang covid-19nya
674,1,aku sih maunya psbb lanjut terus hehehe
675,1,"enak dirumah sih, mau-apa-apa udah enak banget. Lanjut aja lah psbbnya wkwkwk"
676,1,mendingan masa-masa psbb kemarin jadinya
677,1,"agak mendingan psbb kemarin sih, kasusnya dikit"
678,1,"lebih baik pas kemarin psbb, agak mendingan soalnya. Bisa dilihat kasusnya"
679,1,"ya mendingan pas psbb kemarin toh, kasusnya sedikit."
680,1,"kemarin kasusnya sedikit, mendingan kemarin gus @gustya"
681,1,"lumayan kemarin psbb kasusnya sedikit, mendingan kemarin sih menurutku mah ya"
682,1,"ya agak mendingan pas psbb kemarin toh, sekarang melonjak lagi jadinya "
683,1,"udah tak bilang mendingan diterapin aja psbbnya, lanjut aja"
684,1,"iya sih, kasusnya semakin naik aja jadi ngeri. mending kemarin agak dikit"
685,1,"aduh, kalau kaya gini sih mendingan terapin psbb aja"
686,1,"ya allah lanjut psbb aja ih, jadi ngeri liat kasus melonjak. Psbb lanjutin aja"
687,1,kok masih mendingan kemarin yaaa
688,1,jadi perpanjang kan ini psbb? Jadikan? Jadiin lah
689,1,"ngeliat berita semakin serem aja, mending lanjut psbb"
690,1,pas liat berita masih agak lebih  baik ketika dilakukan penerpaan psbb
691,1,"ayok dong psbb dilanjutin aja, biar dirumah terus"
692,1,kalau bisa psbb diperpanjang terus
693,1,yaa kan mendingan dirumah dibanding keluar-keluar
694,1,lanjut psbb terus
695,1,terusing dong psbbnya biar corona juga hilang
696,1,"taat aturan dong, psbb biar bisa berjalan lancar"
697,1,psbb berjalan sangat lancar
698,1,kalau ada psbb penurunan covid-19 jadi semakin lancar
699,1,kata siapa? Psbb berjalan dengan lancar begini kok
700,1,ya biar psbb berjalan dengan lancar kita harus taat aturan juga dong!!!!
701,1,psbb bakal lancar kalau misalnya ente taat aturan gann!
702,1,alhamdulillah serba lancar rejeki selama masa psbb
703,1,lancar-lancar aja psbb mah kalau orang pada taat aturan semua
704,1,"biar lancar ya taat aturan dong, masa dirumah aja gak bisa"
705,1,yuk ah psbbnya di terapkan biar lancar
706,1,penurunan kasus covid-19 semakin lancar aja setiap harinya
707,1,"bisa ayok kita bisa, semangat psbbnya"
708,1,berdoa aja semoga diberi kemudahan selama psbb ini.. Aminnn
709,1,"aku nggak mau keluar rumah dulu deh, soalnya takut mending dirumah aja"
710,1,ya dirumah terus malah asik sih wkwkwk lanjut psbb dah
711,0,"jangan lagi pak, udahan aja ya psbbnya"
712,0,jangan dilanjutin pak psbbnya jadi nggak bisa kemana-mana
713,0,"gimana mau cari uang kalau psbb, udah jangan dilanjutin please pak"
714,0,PAK JOKOWI PSBBNYA UDAHAN DULU!
715,0,"cabut aja deh, jangan dilanjutin yaaa"
716,0,"jangan dilanjut pak psbbnya, saya nggak punya uang lagi.."
717,0,"jangan psbb psbb lagi dong, pusing nih kepala"
718,0,"ngapain sih harus ada psbb, jangan lah udahan aja"
719,0,"nggak bisa apa-apa gua, udah jangan dilanjutin psbbnya jadi pusing kepala"
720,0,"lah ini ngga bakal jadi solusi, udah hentiin aja jangan diperpanjang"
721,0,"ngapain coba diperpanjang, udah baner kalau dicabut aja "
722,0,"udah nggak psbb lagi nih, jangan diperpanjang pak"
723,0,ya allah jangan ada perpanjangan psbb lagi dong
724,0,"jangan ada psbb lagi ya pak, biar kami bisa cari kerja"
725,0,"kami lelah pak dirumah teurus, jangan ditambahin lagi"
726,0,"udah capek kami pak, udah hentikan saja,"
727,0,"capek banget ya allah, mendingan udahan aja jangan ada psbban"
728,0,"ini merusak ekonomi kita, jadi hentikan aja"
729,0,"gimana mau makan kalau kita nggak kerja, wong psbb nggak boleh keluar-keluar rumah"
730,0,tolong dong jangan diperpanjang pak psbbnya
731,0,"gila aja, mau makan apa kita kalau masih psbb"
732,0,"psbb berantakan kaya gini, bacot doang"
733,0,"udah gak usah sok-sokan, kalian enak banyak uang. Kami rakyat kecil mau makan apa kalau psbb terus"
734,0,gimana mau hidup kalau cari kerja susah
735,0,"serba susah banget sekarang, jadi pusing juga mau ngapa-ngapain. Psbb udahan aja"
736,0,"kebanyakan nganggur dirumah, pengen kerja. Udahan psbbnya"
737,0,"udah dong psbbnya, new normal aja ya"
738,0,new normal aja pak dibanding psbb
739,0,"new normal aja deh ya, jangan psbb"
740,0,"kalau aku sih pilih new normal aja, lumayan ada penghasilan"
741,0,kalau bisa nggak usah ada psbb
742,0,"ngapain juga psbb diperpanjang, bikin suram aja."
743,0,rakyat kecil tertindas terus. Cari makan aja kesusahan
744,0,pak anies tolong jangan ada psbb lagi
745,0,new normal aja gak usah psbb
746,0,"udah new normal aja, saatnya cari kerja wkwkwk"
747,0,nah new normal gini kan bisa cari nafkah buat keluarga
748,0,adanya psbb ojol tertindas banget
749,0,gara-gara psbb semuanya jadi kehilangan pekerjaan
750,0,dengan adanya psbb malah makin parah aja ekonomi indoneisa
751,0,"rakyat butuh makan juga pak, ngapain ada psbb"
752,0,udahan dong psbbnya biar bisa pergi-pergi lagi
753,0,ngapain psbb wong disini aja masih zona hijau. Asal pakai masker aja kan cukup gak usah psbb
754,0,"jangan psbb deh ya, soalnya nggak ada pemasukan"
755,0,"duit udah abis, nggak bisa makan kalau terus psbb"
756,0,"jangan ada psbb dong, pusing kepala nih. "
757,0,"nyari usah tanpa psbb aja udah susah, ini malah ditambahin ada psbb. aduhaduh..."
758,0,biar apa sih ada psbb? Kan udah enak new normal begini
759,0,"new normal aja sih, kalau psbb sepi jadi takut."
760,0,"dirumah bertengkar sama adik terus, mendingan psbb nggak usah dilanjutin!"
761,0,ngapain ada psbb kalau new normal bisa diterapin disini.
762,0,yang miskin sengsara banget kalau psbb
763,0,"nggak punya uang, nggak punya penghasilan"
764,0,"ini sekolah buruan disuruh masuk, biar orang tua bisa beraktifitas lagi kaya biasa dan nggak psbb"
765,0,cabut aja psbb nyusahin doang
766,0,"jangan menyusahkan kami dong pak, kami juga butuh uang untuk makan"
767,0,"restoran semuanya ditutup, nggak bisa kemana-mana juga"
768,0,"usaha kecil-kecil pada ditutup, kasian banget ngeliatnya"
769,0,"jangan begitu bang, banyak yang butuh makan, kalau psbb terus mereka mau makan apa?"
770,0,"sia-sia juga meski ada psbb, udah cabut aja"
771,0,"kok semenjak psbb ini jadi serba ribet ya? Jadi susah kemana-mana, udahan aja deh"
772,0,"gua berhenti kerja gara-gara psbb, sial banget"
773,0,"anjing banget emnag, kenapa harus ada psbbb???"
774,0,"gua butuh kerja juga, kalau psbb mau kerja apa gua??"
775,0,udah dah cabut aja nih psbb nyusahin aja
776,0,"banyak yang kesusahan karna psbb nih, mending udahan aja lah"
777,0,"gara2 psbb gua gak ada penghasilan, bgst!!"
778,0,"mau nyari kerja dimana lagi ya tuhan, susah bgt nyari kerja gara-gara psbb"
779,0,"dulu waktu awal-awal ngapain dibuka pintu masuk ke indonesia, sekarang malah psbb nyusahin banget"
780,0,"menderita banget jadi rakyat indonesia, serba susah aturan aneh"
781,0,"kalau kaya gini ngebuat buruk ekonomi bangsa dan membuat buruk rakyat, hentikan saja"
782,0,"gak usah ada psbb lah, makin bobrok aja negara ini"
783,0,"yaaaa kalau mau psbb liat dulu dong rakyatnya, kita susah cari kerja"
784,0,"banyak yang dipecat kasian banget, liat mereka jadi takut kena pecat juga. udahan psbbnya lah"
785,0,"Clckkc apalah indonesia ini, psbb, pkm, psbl, psbk, pra AKB, AKB smua ga ada efeknya cm mainan kata doank ğŸ˜‚ğŸ˜‚ Efek pemimpin bodoh,..  https://twitter.com/republikaonline/status/1278292779190194176Â â€¦"
786,0,Masa transisi PSBB ditambah 14 hari lagi. Mau jadi apa para manusia di Indonesia ini ğŸ˜©
787,0,kenapa harus ada psbb sih! Udahan deh mendingan
788,0,serius mau perpanjang psbb? Gila aja ini mah
789,0,"cari uang dimana lagi ini, butuh kerja kita"
790,0,"psbb gagal, jangan dilanjutin lagi udahan aja"
791,0,"ngapain ada psbb lagi sih ya tuhan, udahan aja kenapa"
792,0,"ini psbb bikin beban doang, mending dihentikan aja"
793,0,"Ekonomi semakin melemah, banyak korban PHK dan menjadi pengangguran. Setelah pemberlakuan PSBB yang dilakukan pemerintah Indonesia dalam memutus rantai virus corona pemerintah kembali menerapkan kebijakan baru yaitu New Normal."
794,0,"Situ tau,,negara lain memberi jaminan hidup kpd rakyat nya,,bgmn dgn negara kita??
Psbb aja msh morat marit,,bansos ga tepat sasaran,,aplg mau lockdown??
Semakin tinggi angka covid di Indonesia mlh merencanakan newnormal??lalu yg disalahkan rakyat,,??
Situ sehat??"
795,0,"saya dari grab indonesia tolong bapak presiden PSBB di hentikan...
karena percuma aja gk ada gunanya....malah makin banyak yang kena CONVID 19"
796,0,"Politisasi Bansos Covid-19 di Tengah Kelaparan Rakyat

Oleh: Uray Herlindawati (AktivisÂ Muslimah Ideologis Khatulistiwa) Ditengah pandemi Covid-19, rakyat Indonesia mengalami penderitaan yang bertubi-tubi. Pasalnya, sebelum datangnya masa PSBB saja rakyat telah terlunta-lunta un  pic.twitter.com/MlIkFj2dei"
797,0,nah new normal aja jangan psbb
798,0,"PSBB di terapkan kembali ,penjagaan di setiap sudut sudut perkampungan, pedesaan, perkotaan,,semakin ketat setiap keluar harus ada surat keterangan dari pihak  yang berwenang,,,
Ribet,,Ribett,Dan Ribettt
Indonesia oohhh Indonesia,,"
799,0,"Indonesia sudah menganut HUKUM RIMBA (siapa kuat dia yg berkuasa).
Indonesia sepertinya sudah menganut negara diktator , akan tetapi mereka sudah mengatur semua itu dg UU & PP. UU-ITE satu contoh UU diktator. PSBB satu contoh cara diktator."
800,0,"PSBB cuman buat orang-orang kaya aja pak, kami rakyat kecil dikaish kesempatan untuk makan"
801,0,"ngapain dah ada psbb, ribet ribet udahan aja"
802,0,PSBB GAGAL LEBIH BAIK DICABUT SAJA!
803,0,udah tau cuman beban masyarakat tapi nekat aja diterapkan psbb
804,0,"kan bener, ini imbasnya ke ekonomi kita, jadi gak usah lah psbb2an"
805,0,lahhh kan kemarin udah new normal kenapa sok2an mau ada psbb lagi.
